{
  "summary": {
    "condition_number": 6624.387795078619,
    "effective_rank": 1.3989427080665309,
    "kaiser_passing": "2/24",
    "pc1_var_explained": 0.840941588418702,
    "pc1_pc2_var": 0.9189337721807764,
    "orthogonality_max_off_diag": 2.4424906541753444e-15
  },
  "shapiro_wilk": {
    "PC1": {
      "W": 0.8825948327539764,
      "p": 0.009375880948337426,
      "reject_h0": true
    },
    "PC2": {
      "W": 0.9191273716635868,
      "p": 0.05587312123684695,
      "reject_h0": false
    },
    "PC3": {
      "W": 0.8304023512417329,
      "p": 0.000966435667191671,
      "reject_h0": true
    },
    "PC4": {
      "W": 0.9372070052117081,
      "p": 0.14130623922712449,
      "reject_h0": false
    },
    "PC5": {
      "W": 0.9565207515333377,
      "p": 0.37258044888357833,
      "reject_h0": false
    },
    "PC6": {
      "W": 0.9386862797207983,
      "p": 0.15247870186311246,
      "reject_h0": false
    },
    "PC7": {
      "W": 0.9821135149342635,
      "p": 0.9313687381952256,
      "reject_h0": false
    },
    "PC8": {
      "W": 0.8641547841268441,
      "p": 0.004049857611424827,
      "reject_h0": true
    },
    "PC9": {
      "W": 0.9754304596944323,
      "p": 0.7992001937268867,
      "reject_h0": false
    },
    "PC10": {
      "W": 0.9636428857016489,
      "p": 0.5158466810018478,
      "reject_h0": false
    },
    "PC11": {
      "W": 0.9623232704930331,
      "p": 0.4868522007115398,
      "reject_h0": false
    },
    "PC12": {
      "W": 0.9350769859984918,
      "p": 0.12662596298669376,
      "reject_h0": false
    },
    "PC13": {
      "W": 0.939643911762563,
      "p": 0.16016905393971242,
      "reject_h0": false
    },
    "PC14": {
      "W": 0.9715951135606974,
      "p": 0.7064378454403869,
      "reject_h0": false
    },
    "PC15": {
      "W": 0.9509282232307928,
      "p": 0.283748277221482,
      "reject_h0": false
    },
    "PC16": {
      "W": 0.9750513938480188,
      "p": 0.7903252313064809,
      "reject_h0": false
    },
    "PC17": {
      "W": 0.9932638542438459,
      "p": 0.9997466903648746,
      "reject_h0": false
    },
    "PC18": {
      "W": 0.9665423496841504,
      "p": 0.5828499011220764,
      "reject_h0": false
    },
    "PC19": {
      "W": 0.9551381669805531,
      "p": 0.3486921831115555,
      "reject_h0": false
    },
    "PC20": {
      "W": 0.9718984478075827,
      "p": 0.7139288024643877,
      "reject_h0": false
    },
    "PC21": {
      "W": 0.9490475092956849,
      "p": 0.2583543868341974,
      "reject_h0": false
    },
    "PC22": {
      "W": 0.8391394420388028,
      "p": 0.0013834471091550482,
      "reject_h0": true
    },
    "PC23": {
      "W": 0.900006051751556,
      "p": 0.0215297807743248,
      "reject_h0": true
    },
    "PC24": {
      "W": 0.6734831972504534,
      "p": 4.582534380209023e-06,
      "reject_h0": true
    },
    "pooled": {
      "W": 0.9958679811535512,
      "p": 0.13448165718150262,
      "reject_h0": false
    }
  },
  "homoscedasticity": {
    "across_hours": {
      "bartlett": {
        "stat": 0.5958301431591557,
        "p": 0.999999999999995,
        "reject_h0": false
      },
      "levene": {
        "stat": 0.17497570039294957,
        "p": 0.9999958243576905,
        "reject_h0": false
      }
    },
    "across_pcs": {
      "bartlett": {
        "stat": 26.103265482997447,
        "p": 0.29601546470997175,
        "reject_h0": false
      },
      "levene": {
        "stat": 0.969691153788537,
        "p": 0.5035803932349482,
        "reject_h0": false
      }
    },
    "per_hour_variances": [
      0.039722509700934126,
      0.034759568756522995,
      0.04136616492895018,
      0.03820337540295167,
      0.040649747179930314,
      0.04166071912509663,
      0.041619544065133275,
      0.03911176572408804,
      0.04166239024812832,
      0.03996378501512646,
      0.04126173541559005,
      0.041593384892424125,
      0.04019507571794473,
      0.04134087775588134,
      0.04166239337719215,
      0.03997819971099797,
      0.03689671385876372,
      0.04082802665803651,
      0.04157139300428723,
      0.040185053421505246,
      0.03948707277178202,
      0.03649481701740878,
      0.04022512757017436,
      0.03789389201448323
    ],
    "verdict": "homoscedastic"
  },
  "vandermonde": {
    "r2_per_row": [
      0.3245576492169158,
      0.08682624618058139,
      0.003315440806200301,
      0.01945178102690076,
      0.00306105842623541,
      0.11755092000209102,
      0.029275966466204555,
      0.0875694542700767,
      0.024555991566622897,
      0.008312875272973566,
      0.01959251078104246,
      0.000521642773845433,
      0.0003917144962699241,
      0.024147826587034002,
      0.03400307052402599,
      0.0008499162749878333,
      0.008205631946957786,
      0.1270080388190763,
      0.2577457998926979,
      0.16211197961870644,
      0.22158031014910323,
      0.392132301605735,
      0.5099161253516139,
      0.7050457082821844
    ],
    "mean_r2": 0.13198874834742014,
    "max_r2": 0.7050457082821844,
    "is_vandermonde": false,
    "note": "R\u00b2 -> 1 for all rows would indicate Vandermonde structure. PCA eigenvector matrices are orthogonal, not polynomial, so low R\u00b2 is expected."
  },
  "mahalanobis": {
    "shrinkage_alpha": 0.1,
    "chi2_df": 24,
    "thresholds": {
      "p0.05": 36.41502850180731,
      "p0.01": 42.97982013935165,
      "p0.001": 51.17859777737739
    },
    "per_hour": [
      {
        "hour": 0,
        "D": 4.063289440158265,
        "D2": 16.51032107450166,
        "p_value": 0.8687821244835024,
        "outlier_95": false,
        "outlier_99": false,
        "outlier_999": false
      },
      {
        "hour": 1,
        "D": 3.575563305438185,
        "D2": 12.784652951196037,
        "p_value": 0.9695385312397667,
        "outlier_95": false,
        "outlier_99": false,
        "outlier_999": false
      },
      {
        "hour": 2,
        "D": 3.5000176958679625,
        "D2": 12.250123871388881,
        "p_value": 0.9769408670016465,
        "outlier_95": false,
        "outlier_99": false,
        "outlier_999": false
      },
      {
        "hour": 3,
        "D": 3.1674022535193136,
        "D2": 10.032437035599227,
        "p_value": 0.9944119255149073,
        "outlier_95": false,
        "outlier_99": false,
        "outlier_999": false
      },
      {
        "hour": 4,
        "D": 3.006898430084679,
        "D2": 9.041438168845707,
        "p_value": 0.9975060303029869,
        "outlier_95": false,
        "outlier_99": false,
        "outlier_999": false
      },
      {
        "hour": 5,
        "D": 3.369123000439631,
        "D2": 11.350989792091342,
        "p_value": 0.9862809220052792,
        "outlier_95": false,
        "outlier_99": false,
        "outlier_999": false
      },
      {
        "hour": 6,
        "D": 3.46902903932324,
        "D2": 12.034162475667921,
        "p_value": 0.9795204678131627,
        "outlier_95": false,
        "outlier_99": false,
        "outlier_999": false
      },
      {
        "hour": 7,
        "D": 3.585654632335191,
        "D2": 12.856919142386817,
        "p_value": 0.9684204119260957,
        "outlier_95": false,
        "outlier_99": false,
        "outlier_999": false
      },
      {
        "hour": 8,
        "D": 3.736498031538793,
        "D2": 13.961417539693274,
        "p_value": 0.9475169868476203,
        "outlier_95": false,
        "outlier_99": false,
        "outlier_999": false
      },
      {
        "hour": 9,
        "D": 3.4333840630100045,
        "D2": 11.788126124131088,
        "p_value": 0.9821910832077145,
        "outlier_95": false,
        "outlier_99": false,
        "outlier_999": false
      },
      {
        "hour": 10,
        "D": 3.151731634545727,
        "D2": 9.933412296196279,
        "p_value": 0.9948158906821453,
        "outlier_95": false,
        "outlier_99": false,